id	first_name	last_name	email	gender	ip_address
1	Angela	Diaz	adiaz0@bbc.co.uk	Female	88.231.98.66
2	Alice	Moreno	amoreno1@newsvine.com	Female	173.175.233.5
3	Mark	Berry	mberry2@xing.com	Male	201.69.143.196
4	Kevin	Weaver	kweaver3@washington.edu	Male	27.164.101.64
5	Benjamin	Woods	bwoods4@yale.edu	Male	38.133.102.175
6	Russell	Olson	rolson5@independent.co.uk	Male	109.59.254.32
7	Mildred	Riley	mriley6@meetup.com	Female	237.214.240.165
8	Carolyn	Harrison	charrison7@webmd.com	Female	35.45.172.153
9	Evelyn	Hicks	ehicks8@icio.us	Female	180.89.120.31
10	Chris	Barnes	cbarnes9@sciencedirect.com	Male	59.236.0.38
11	Randy	Burns	rburnsa@is.gd	Male	137.163.77.10
12	Diana	Long	dlongb@smugmug.com	Female	109.75.81.49
13	Anthony	Larson	alarsonc@t.co	Male	95.74.147.157
14	Lawrence	Hicks	lhicksd@cafepress.com	Male	145.119.226.54
15	Sean	Daniels	sdanielse@pinterest.com	Male	152.148.136.254
16	Brian	Hanson	bhansonf@prweb.com	Male	133.63.113.113
17	Deborah	Murray	dmurrayg@archive.org	Female	214.149.116.163
18	Billy	Rodriguez	brodriguezh@example.com	Male	83.101.60.111
19	Aaron	Fuller	afulleri@sogou.com	Male	61.222.128.154
20	Cheryl	Grant	cgrantj@irs.gov	Female	173.187.217.112