id,first_name,last_name,email,gender,ip_address
1,Matthew,Patterson,mpatterson0@tinyurl.com,Male,34.214.123.10
2,Brian,Simmons,bsimmons1@princeton.edu,Male,147.219.206.115
3,Kelly,Roberts,kroberts2@bing.com,Female,161.109.86.121
4,Daniel,Rice,drice3@umn.edu,Male,69.128.51.15
5,Alice,Greene,agreene4@addthis.com,Female,7.76.255.86
6,Martha,Morris,mmorris5@epa.gov,Female,110.40.184.41
7,Harold,Stone,hstone6@amazon.com,Male,193.56.31.189
8,Kelly,Gardner,kgardner7@hostgator.com,Female,209.95.245.71
9,Timothy,Miller,tmiller8@xrea.com,Male,97.80.147.8
10,Gerald,King,gking9@cam.ac.uk,Male,101.155.3.63
11,Frances,Lewis,flewisa@ted.com,Female,141.191.167.113
12,Ralph,Gonzales,rgonzalesb@alexa.com,Male,214.137.170.100
13,Benjamin,Evans,bevansc@newsvine.com,Male,69.190.117.79
14,Howard,Long,hlongd@alexa.com,Male,125.205.190.162
15,Scott,Wheeler,swheelere@simplemachines.org,Male,5.236.145.70
16,Albert,Owens,aowensf@bravesites.com,Male,121.171.173.24
17,Amy,Hart,ahartg@cyberchimps.com,Female,109.138.75.99
18,Juan,Greene,jgreeneh@tumblr.com,Male,87.132.104.13
19,Mary,Richardson,mrichardsoni@yandex.ru,Female,146.54.173.89
20,Louise,Vasquez,lvasquezj@bloglines.com,Female,172.183.242.112